organism	pdbid	va	ja	cdr3a	vb	jb	cdr3b	mismatches	pepseq	mhc	resolution	pdb_file
human	1ao7	TRAV12-2*01	TRAJ24*02	CAVTTDSWGKLQF	TRBV6-5*01	TRBJ2-7*01	CASRPGLAGGRPEQYF	0	LLFGYPVYV	A*02:01:01:01	2.60	pdbs/1ao7.pdb.human.MH1.A-02.A.C.DE.pdb
human	1bd2	TRAV29/DV5*01	TRAJ54*01	CAAMEGAQKLVF	TRBV6-5*01	TRBJ2-7*01	CASSYPGGGFYEQYF	1	LLFGYPVYV	A*02:01:01:01	2.50	pdbs/1bd2.pdb.human.MH1.A-02.A.C.DE.pdb
human	1fyt	TRAV8-4*01	TRAJ48*01	CAVSESPFGNEKLTF	TRBV28*01	TRBJ1-2*01	CASSSTGLPYGYTF	0	PKYVKQNTLKLAT	DRA*01:01:01:01,DRB1*01:01:01	2.60	pdbs/1fyt.pdb.human.MH2.DRA-01_DRB1-01.AB.C.DE.pdb
human	1j8h	TRAV8-4*01	TRAJ48*01	CAVSESPFGNEKLTF	TRBV28*01	TRBJ1-2*01	CASSSTGLPYGYTF	0	PKYVKQNTLKLAT	DRA*01:01:01:01,DRB1*04:01:01:01	2.40	pdbs/1j8h.pdb.human.MH2.DRA-01_DRB1-04.AB.C.DE.pdb
human	1mi5	TRAV26-2*01	TRAJ52*01	CILPLAGGTSYGKLTF	TRBV7-8*01	TRBJ2-7*01	CASSLGQAYEQYF	0	FLRGRAYGL	B*08:01:01:01	2.50	pdbs/1mi5.pdb.human.MH1.B-08.A.C.DE.pdb
human	1oga	TRAV27*01	TRAJ42*01	CAGAGSQGNLIF	TRBV19*01	TRBJ2-7*01	CASSSRSSYEQYF	0	GILGFVFTL	A*02:01:01:01	1.40	pdbs/1oga.pdb.human.MH1.A-02.A.C.DE.pdb
human	1qrn	TRAV12-2*01	TRAJ24*02	CAVTTDSWGKLQF	TRBV6-5*01	TRBJ2-7*01	CASRPGLAGGRPEQYF	0	LLFGYAVYV	A*02:01:01:01	2.80	pdbs/1qrn.pdb.human.MH1.A-02.A.C.DE.pdb
human	1qse	TRAV12-2*01	TRAJ24*02	CAVTTDSWGKLQF	TRBV6-5*01	TRBJ2-7*01	CASRPGLAGGRPEQYF	0	LLFGYPRYV	A*02:01:01:01	2.80	pdbs/1qse.pdb.human.MH1.A-02.A.C.DE.pdb
human	1qsf	TRAV12-2*01	TRAJ24*02	CAVTTDSWGKLQF	TRBV6-5*01	TRBJ2-7*01	CASRPGLAGGRPEQYF	0	LLFGYPVAV	A*02:01:01:01	2.80	pdbs/1qsf.pdb.human.MH1.A-02.A.C.DE.pdb
human	1ymm	TRAV17*01	TRAJ40*01	CATDTTSGTYKYIF	TRBV20-1*01	TRBJ2-1*01	CSARDLTSGANNEQFF	1	ENPVVHFFKNIVTPRGGSGGGGG	DRA*01:01:01:01,DRB1*15:01:01:01	3.50	pdbs/1ymm.pdb.human.MH2.DRA-01_DRB1-15.AB.C.DE.pdb
human	1zgl	TRAV9-2*01	TRAJ12*01	CALSGGDSSYKLIF	TRBV5-1*01	TRBJ1-1*01	CASSLADRVNTEAFF	3	VHFFKNIVTPRTPGG	DRA*01:01:01:01,DRB5*01:01:01	2.80	pdbs/1zgl.pdb.human.MH2.DRA-01_DRB5-01.AB.C.MP.pdb
human	2ak4	TRAV19*01	TRAJ34*01	CALSGFYNTDKLIF	TRBV6-1*01	TRBJ2-7*01	CASPGLAGEYEQYF	0	LPEPLPQGQLTAY	B*35:08:01:01	2.50	pdbs/2ak4.pdb.human.MH1.B-35.K.M.NP.pdb
human	2bnq	TRAV21*01	TRAJ6*01	CAVRPTSGGSYIPTF	TRBV6-5*01	TRBJ2-2*01	CASSYVGNTGELFF	0	SLLMWITQV	A*02:01:01:01	1.70	pdbs/2bnq.pdb.human.MH1.A-02.A.C.DE.pdb
human	2bnr	TRAV21*01	TRAJ6*01	CAVRPTSGGSYIPTF	TRBV6-5*01	TRBJ2-2*01	CASSYVGNTGELFF	0	SLLMWITQC	A*02:01:01:01	1.90	pdbs/2bnr.pdb.human.MH1.A-02.A.C.DE.pdb
human	2esv	TRAV26-1*01	TRAJ37*02	CIVVRSSNTGKLIF	TRBV14*01	TRBJ2-3*01	CASSQDRDTQYF	0	VMAPRTLIL	E*01:01:02	2.60	pdbs/2esv.pdb.human.MH3.E-01.A.P.DE.pdb
human	2f53	TRAV21*01	TRAJ6*01	CAVRPTSGGSYIPTF	TRBV6-5*01	TRBJ2-2*01	CASSYVGNTGELFF	6	SLLMWITQC	A*02:01:01:01	2.10	pdbs/2f53.pdb.human.MH1.A-02.A.C.DE.pdb
human	2f54	TRAV21*01	TRAJ6*01	CAVRPTSGGSYIPTF	TRBV6-5*01	TRBJ2-2*01	CASSYVGNTGELFF	5	SLLMWITQC	A*02:01:01:01	2.70	pdbs/2f54.pdb.human.MH1.A-02.A.C.DE.pdb
human	2gj6	TRAV12-2*01	TRAJ24*02	CAVTTDSWGKLQF	TRBV6-5*01	TRBJ2-7*01	CASRPGLAGGRPEQYF	0	LLFGKPVYV	A*02:01:01:01	2.56	pdbs/2gj6.pdb.human.MH1.A-02.A.C.DE.pdb
human	2iam	TRAV22*01	TRAJ54*01	CAALIQGAQKLVF	TRBV6-6*01	TRBJ1-3*01	CASTYHGTGYF	0	GELIGILNAAKVPAD	DRA*01:01:01:01,DRB1*01:01:01	2.80	pdbs/2iam.pdb.human.MH2.DRA-01_DRB1-01.AB.P.CD.pdb
human	2ian	TRAV22*01	TRAJ54*01	CAALIQGAQKLVF	TRBV6-6*01	TRBJ1-3*01	CASTYHGTGYF	0	GELIGTLNAAKVPAD	DRA*01:01:01:01,DRB1*01:01:01	2.80	pdbs/2ian.pdb.human.MH2.DRA-01_DRB1-01.AB.C.DE.pdb
human	2nx5	TRAV1-2*01	TRAJ6*01	CAVQASGGSYIPTF	TRBV10-3*01	TRBJ1-5*01	CATGTGDSNQPQHF	0	EPLPQGQLTAY	B*35:01:01:01	2.70	-
human	2p5e	TRAV21*01	TRAJ6*01	CAVRPLLDGTYIPTF	TRBV6-5*01	TRBJ2-2*01	CASSYLGNTGELFF	9	SLLMWITQC	A*02:01:01:01	1.89	pdbs/2p5e.pdb.human.MH1.A-02.A.C.DE.pdb
human	2p5w	TRAV21*01	TRAJ6*01	CAVRPLLDGTYIPTF	TRBV6-5*01	TRBJ2-2*01	CASSYLGNTGELFF	9	SLLMWITQC	A*02:01:01:01	2.20	pdbs/2p5w.pdb.human.MH1.A-02.A.C.DE.pdb
human	2po6	TRAV10*01	TRAJ18*01	CVVSDRGSTLGRLYF	TRBV25-1*01	TRBJ2-7*01	CASSGLRDRGLYEQYF	0	-	CD1d	3.20	-
human	2pye	TRAV21*01	TRAJ6*01	CAVRPLLDGTYIPTF	TRBV6-5*01	TRBJ2-2*01	CASSYLGNTGELFF	3	SLLMWITQC	A*02:01:01:01	2.30	pdbs/2pye.pdb.human.MH1.A-02.A.C.DE.pdb
human	2vlj	TRAV27*01	TRAJ42*01	CAGAGSQGNLIF	TRBV19*01	TRBJ2-7*01	CASSSRSSYEQYF	0	GILGFVFTL	A*02:01:01:01	2.40	pdbs/2vlj.pdb.human.MH1.A-02.A.C.DE.pdb
human	2vlk	TRAV27*01	TRAJ42*01	CAGAGSQGNLIF	TRBV19*01	TRBJ2-7*01	CASSSRSSYEQYF	0	GILGFVFTL	A*02:01:01:01	2.50	pdbs/2vlk.pdb.human.MH1.A-02.A.C.DE.pdb
human	2vlr	TRAV27*01	TRAJ42*01	CAGAGSQGNLIF	TRBV19*01	TRBJ2-7*01	CASSSRASYEQYF	0	GILGFVFTL	A*02:01:01:01	2.30	pdbs/2vlr.pdb.human.MH1.A-02.A.C.DE.pdb
human	2wbj	TRAV17*01	TRAJ40*01	CATDTTSGTYKYIF	TRBV20-1*01	TRBJ2-1*01	CSARDLTSGANNEQFF	3	MDFARVHFISALHGSGG	DRA*01:01:01:01,DRB1*15:01:01:01	3.00	pdbs/2wbj.pdb.human.MH2.DRA-01_DRB1-15.AB.I.CD.pdb
human	2xn9	TRAV27*01	TRAJ42*01	CAGAGSQGNLIF	TRBV19*01	TRBJ2-7*01	CASSSRSSYEQYF	0	PKYVKQNTLKLAT	DRA*01:01:01:01,DRB1*01:01:01	2.30	-
human	2ypl	TRAV5*01	TRAJ13*01	CAVSGGYQKVTF	TRBV19*01	TRBJ1-2*01	CASTGSYGYTF	1	KAFSPEVIPMF	B*57:06	2.40	pdbs/2ypl.pdb.human.MH1.B-57.A.C.DE.pdb
human	3d39	TRAV12-2*01	TRAJ24*02	CAVTTDSWGKLQF	TRBV6-5*01	TRBJ2-7*01	CASRPGLAGGRPEQYF	0	LLFGFPVYV	A*02:01:01:01	2.81	pdbs/3d39.pdb.human.MH1.A-02.A.C.DE.pdb
human	3d3v	TRAV12-2*01	TRAJ24*02	CAVTTDSWGKLQF	TRBV6-5*01	TRBJ2-7*01	CASRPGLAGGRPEQYF	0	LLFGFPVYV	A*02:01:01:01	2.80	pdbs/3d3v.pdb.human.MH1.A-02.A.C.DE.pdb
human	3dxa	TRAV26-1*01	TRAJ13*02	CIVWGGYQKVTF	TRBV7-9*01	TRBJ2-1*01	CASRYRDDSYNEQFF	0	EENLLDFVRF	B*44:05:01	3.50	pdbs/3dxa.pdb.human.MH1.B-44.A.C.DE.pdb
human	3ffc	TRAV14/DV4*01	TRAJ49*01	CAMREDTGNQFYF	TRBV11-2*01	TRBJ2-3*01	CASSFTWTSGGATDTQYF	2	FLRGRAYGL	B*08:01:01:01	2.80	pdbs/3ffc.pdb.human.MH1.B-08.A.C.DE.pdb
human	3gsn	TRAV24*01	TRAJ49*01	CARNTGNQFYF	TRBV6-5*01	TRBJ1-2*01	CASSPVTGGIYGYTF	2	NLVPMVATV	A*02:01:01:01	2.80	pdbs/3gsn.pdb.human.MH1.A-02.H.P.AB.pdb
human	3h9s	TRAV12-2*01	TRAJ24*02	CAVTTDSWGKLQF	TRBV6-5*01	TRBJ2-7*01	CASRPGLAGGRPEQYF	0	MLWGYLQYV	A*02:01:01:01	2.70	pdbs/3h9s.pdb.human.MH1.A-02.A.C.DE.pdb
human	3hg1	TRAV12-2*01	TRAJ27*01	CAVNVAGKSTF	TRBV30*01	TRBJ2-2*01	CAWSETGLGTGELFF	1	ELAGIGILTV	A*02:01:01:01	3.00	pdbs/3hg1.pdb.human.MH1.A-02.A.C.DE.pdb
human	3huj	TRAV10*01	TRAJ18*01	CVVSDRGSTLGRLYF	TRBV25-1*01	TRBJ2-7*01	CASSGLRDRGLYEQYF	0	-	CD1d	2.50	-
human	3kpr	TRAV26-2*01	TRAJ52*01	CILPLAGGTSYGKLTF	TRBV7-8*01	TRBJ2-7*01	CASSLGQAYEQYF	0	EEYLKAWTF	B*44:05:01	2.60	pdbs/3kpr.pdb.human.MH1.B-44.A.C.DE.pdb
human	3kps	TRAV26-2*01	TRAJ52*01	CILPLAGGTSYGKLTF	TRBV7-8*01	TRBJ2-7*01	CASSLGQAYEQYF	0	EEYLQAFTY	B*44:05:01	2.70	pdbs/3kps.pdb.human.MH1.B-44.A.C.DE.pdb
human	3kxf	TRAV19*01	TRAJ34*01	CALSGFYNTDKLIF	TRBV6-1*01	TRBJ2-7*01	CASPGLAGEYEQYF	1	LPEPLPQGQLTAY	B*35:78	3.10	pdbs/3kxf.pdb.human.MH1.B-35.I.S.MO.pdb
human	3mv7	TRAV20*01	TRAJ58*01	CAVQDLGTSGSRLTF	TRBV9*01	TRBJ2-2*01	CASSARSGELFF	0	HPVGEADYFEY	B*35:01:01:01	2.00	pdbs/3mv7.pdb.human.MH1.B-35.A.C.DE.pdb
human	3mv8	TRAV20*01	TRAJ58*01	CAVQDLGTSGSRLTF	TRBV9*01	TRBJ2-2*01	CASSARSGELFF	0	HPVGEADYFEY	B*35:01:01:01	2.10	pdbs/3mv8.pdb.human.MH1.B-35.A.C.DE.pdb
human	3mv9	TRAV20*01	TRAJ58*01	CAVQDLGTSGSRLTF	TRBV9*01	TRBJ2-2*01	CASSARSGELFF	1	HPVGEADYFEY	B*35:01:01:01	2.70	pdbs/3mv9.pdb.human.MH1.B-35.A.C.DE.pdb
human	3o4l	TRAV5*01	TRAJ31*01	CAEDNNARLMF	TRBV20-1*01	TRBJ1-2*01	CSARDGTGNGYTF	1	GLCTLVAML	A*02:01:01:01	2.54	pdbs/3o4l.pdb.human.MH1.A-02.A.C.DE.pdb
human	3o6f	TRAV26-2*01	TRAJ32*01	CTVYGGATNKLIF	TRBV20-1*01	TRBJ1-6*01	CSARGGSYNSPLHF	1	FSWGAEGQRPGFGSGG	DRA*01:01:01:01,DRB1*04:01:01:01	2.80	pdbs/3o6f.pdb.human.MH2.DRA-01_DRB1-04.AB.I.CD.pdb
human	3pl6	TRAV13-1*01	TRAJ48*01	CAASSFGNEKLTF	TRBV7-3*01	TRBJ2-3*01	CATSALGDTQYF	0	NPVVHFFKNIVTPR	DQA1*01:02:01:01,DQB1*05:01:01:01	2.55	pdbs/3pl6.pdb.human.MH2.DQA1-01_DQB1-05.AB.E.CD.pdb
human	3pwp	TRAV12-2*01	TRAJ24*02	CAVTTDSWGKLQF	TRBV6-5*01	TRBJ2-7*01	CASRPGLAGGRPEQYF	0	LGYGFVNYI	A*02:01:01:01	2.69	pdbs/3pwp.pdb.human.MH1.A-02.A.C.DE.pdb
human	3qdg	TRAV12-2*01	TRAJ23*01	CAVNFGGGKLIF	TRBV6-4*01	TRBJ1-1*01	CASSLSFGTEAFF	0	ELAGIGILTV	A*02:01:01:01	2.69	pdbs/3qdg.pdb.human.MH1.A-02.A.C.DE.pdb
human	3qdj	TRAV12-2*01	TRAJ23*01	CAVNFGGGKLIF	TRBV6-4*01	TRBJ1-1*01	CASSLSFGTEAFF	0	AAGIGILTV	A*02:01:01:01	2.30	pdbs/3qdj.pdb.human.MH1.A-02.A.C.DE.pdb
human	3qdm	TRAV35*01	TRAJ49*01	CAGGTGNQFYF	TRBV10-3*01	TRBJ1-5*01	CAISEVGVGQPQHF	1	ELAGIGILTV	A*02:01:01:01	2.80	pdbs/3qdm.pdb.human.MH1.A-02.A.C.DE.pdb
human	3qeq	TRAV35*01	TRAJ49*01	CAGGTGNQFYF	TRBV10-3*01	TRBJ1-5*01	CAISEVGVGQPQHF	1	AAGIGILTV	A*02:01:01:01	2.59	pdbs/3qeq.pdb.human.MH1.A-02.A.C.DE.pdb
human	3qfj	TRAV12-2*01	TRAJ24*02	CAVTTDSWGKLQF	TRBV6-5*01	TRBJ2-7*01	CASRPGLAGGRPEQYF	0	LLFGFPVYV	A*02:01:01:01	2.29	pdbs/3qfj.pdb.human.MH1.A-02.A.C.DE.pdb
human	3sdx	TRAV10*01	TRAJ18*01	CVVSDRGSTLGRLYF	TRBV25-1*01	TRBJ2-5*01	CASSEFGGTERTQETQYF	0	-	CD1d	3.12	-
human	3sjv	TRAV12-1*01	TRAJ23*01	CVVRAGKLIF	TRBV6-2*01	TRBJ2-4*01	CASGQGNFDIQYF	1	FLRGRAYGL	B*08:01:01:01	3.10	pdbs/3sjv.pdb.human.MH1.B-08.A.C.DE.pdb
human	3t0e	TRAV26-2*01	TRAJ32*01	CTVYGGATNKLIF	TRBV20-1*01	TRBJ1-6*01	CSARGGSYNSPLHF	1	FSWGAEGQRPGFGSGG	DRA*01:01:01:01,DRB1*04:01:01:01	4.00	pdbs/3t0e.pdb.human.MH2.DRA-01_DRB1-04.AB.F.CD.pdb
human	3tzv	TRAV10*01	TRAJ18*01	CVVSDRGSTLGRLYF	TRBV25-1*01	TRBJ2-5*01	CASSEEGALKESVGTQYF	0	-	CD1d	3.06	-
human	3uts	TRAV12-3*01	TRAJ12*01	CAMRGDSSYKLIF	TRBV12-4*01	TRBJ2-4*01	CASSLWEKLAKNIQYF	1	ALWGPDPAAA	A*02:01:01:01	2.71	pdbs/3uts.pdb.human.MH1.A-02.A.C.DE.pdb
human	3utt	TRAV12-3*01	TRAJ12*01	CAMRGDSSYKLIF	TRBV12-4*01	TRBJ2-4*01	CASSLWEKLAKNIQYF	1	ALWGPDPAAA	A*02:01:01:01	2.60	pdbs/3utt.pdb.human.MH1.A-02.F.H.IJ.pdb
human	3vwj	TRAV10*01	TRAJ18*01	CVVSDRGSTLGRLYF	TRBV25-1*01	TRBJ2-7*01	CASSGLRDRGLYEQYF	0	-	CD1d	3.09	-
human	3vwk	TRAV10*01	TRAJ18*01	CVVSDRGSTLGRLYF	TRBV25-1*01	TRBJ2-7*01	CASSGLRDRGLYEQYF	0	-	CD1d	2.94	-
human	3vxm	TRAV8-3*01	TRAJ28*01	CAVGAPSGAGSYQLTF	TRBV4-1*01	TRBJ2-7*01	CASSPTSGIYEQYF	0	RFPLTFGWCF	A*24:02:01:01	2.50	pdbs/3vxm.pdb.human.MH1.A-24.A.C.DE.pdb
human	3vxr	TRAV21*01	TRAJ12*01	CAVRMDSSYKLIF	TRBV7-9*01	TRBJ2-2*01	CASSSWDTGELFF	0	RYPLTFGWCF	A*24:02:01:01	2.40	pdbs/3vxr.pdb.human.MH1.A-24.A.C.DE.pdb
human	3vxs	TRAV21*01	TRAJ12*01	CAVRMDSSYKLIF	TRBV7-9*01	TRBJ2-2*01	CASSSWDTGELFF	0	RYPLTLGWCF	A*24:02:01:01	1.80	pdbs/3vxs.pdb.human.MH1.A-24.A.C.DE.pdb
human	4c56	TRAV22*01	TRAJ40*01	CAVDSATSGTYKYIF	TRBV19*01	TRBJ2-7*01	CASSSRSSYEQYF	0	PKYVKQNTLKLAT	DRA*01:01:01:01,DRB1*01:01:01	2.90	-
human	4e41	TRAV22*01	TRAJ18*01	CAVDRGSTLGRLYF	TRBV5-8*01	TRBJ2-5*01	CASSQIRETQYF	0	GELIGILNAAKVPAD	DRA*01:01:01:01,DRB1*01:01:01	2.60	pdbs/4e41.pdb.human.MH2.DRA-01_DRB1-01.AB.C.DE.pdb
human	4en3	TRAV17*01	TRAJ18*01	CATYDRGSTLGRLYF	TRBV25-1*01	TRBJ2-7*01	CASSENSGTGRIYEQYF	0	-	CD1d	2.57	-
human	4eup	TRAV12-2*01	TRAJ45*01	CAVSGGGADGLTF	TRBV28*01	TRBJ2-1*01	CASSFLGTGVEQYF	9	ALGIGILTV	A*02:01:01:01	2.88	pdbs/4eup.pdb.human.MH1.A-02.A.C.IJ.pdb
human	4ftv	TRAV12-2*01	TRAJ24*02	CAVTTDSWGKLQF	TRBV6-5*01	TRBJ2-7*01	CASRPGLMSAQPEQYF	0	LLFGYPVYV	A*02:01:01:01	2.74	pdbs/4ftv.pdb.human.MH1.A-02.A.C.DE.pdb
human	4g8g	TRAV14/DV4*02	TRAJ21*01	CAMRDLRDNFNKFYF	TRBV6-5*01	TRBJ1-1*01	CASREGLGGTEAFF	0	KRWIILGLNK	B*27:17	2.40	pdbs/4g8g.pdb.human.MH1.B-27.A.C.DE.pdb
human	4g9f	TRAV14/DV4*02	TRAJ21*01	CAMRDLRDNFNKFYF	TRBV6-5*01	TRBJ1-1*01	CASREGLGGTEAFF	0	KRWIIMGLNK	B*27:17	1.90	pdbs/4g9f.pdb.human.MH1.B-27.A.C.DE.pdb
human	4gg6	TRAV26-2*01	TRAJ45*01	CILRDGRGGADGLTF	TRBV9*01	TRBJ2-7*01	CASSVAVSAGTYEQYF	0	QQYPSGEGSFQPSQENPQ	DQA1*03:01:01,DQB1*03:02:01:01	3.20	pdbs/4gg6.pdb.human.MH2.DQA1-03_DQB1-03.AB.J.GH.pdb
human	4grl	TRAV13-1*01	TRAJ48*01	CAASSFGNEKLTF	TRBV7-3*01	TRBJ2-3*01	CATSALGDTQYF	0	RLLMLFAKDVVSRN	DQA1*01:02:01:01,DQB1*05:141	2.86	pdbs/4grl.pdb.human.MH2.DQA1-01_DQB1-05.AB.E.CD.pdb
human	4h1l	TRAV8-3*01	TRAJ37*01	CAVGASGNTGKLIF	TRBV19*01	TRBJ2-2*01	CASSLRDGYTGELFF	0	QHIRCNIPKRISA	DRA*01:01:01:01,DRB3*03:01:01	3.30	pdbs/4h1l.pdb.human.MH2.DRA-01_DRB3-03.AB.C.IJ.pdb
human	4iiq	TRAV1-2*01	TRAJ33*01	CAVKDSNYQLIW	TRBV6-1*01	TRBJ2-2*01	CASSVWTGEGSGELFF	0	-	MR1	2.86	-
human	4jrx	TRAV19*01	TRAJ34*01	CALSGFYNTDKLIF	TRBV6-1*01	TRBJ1-1*01	CASPGETEAFF	1	LPEPLPQGQLTAY	B*35:08:01:01	2.30	pdbs/4jrx.pdb.human.MH1.B-35.A.C.DE.pdb
human	4jry	TRAV39*01	TRAJ33*01	CAVGGGSNYQLIW	TRBV5-6*01	TRBJ2-7*01	CASSRTGSTYEQYF	0	LPEPLPQGQLTAY	B*35:08:01:01	2.80	pdbs/4jry.pdb.human.MH1.B-35.A.C.DE.pdb
human	4l3e	TRAV12-2*01	TRAJ23*01	CAVNFGGGKLIF	TRBV6-4*01	TRBJ1-1*01	CASSWSFGTEAFF	1	ELAGIGILTV	A*02:01:01:01	2.56	pdbs/4l3e.pdb.human.MH1.A-02.A.C.DE.pdb
human	4l4t	TRAV1-2*01	TRAJ33*01	CAVKDSNYQLIW	TRBV6-1*01	TRBJ2-2*01	CASSVWTGEGSGELFF	0	-	MR1	2.00	-
human	4l4v	TRAV1-2*01	TRAJ33*01	CAVKDSNYQLIW	TRBV6-1*01	TRBJ2-2*01	CASSVWTGEGSGELFF	0	-	MR1	1.90	-
human	4l8s	TRAV1-2*01	TRAJ33*01	CASMDSNYQLIW	TRBV6-1*01	TRBJ2-2*01	CASSETDPNTGELFF	0	-	MR1	2.90	-
human	4l9l	TRAV1-2*01	TRAJ33*01	CAPLDSNYQLIW	TRBV6-2*01	TRBJ1-3*01	CASSYPPDGGNTIYF	0	-	MR1	3.40	-
human	4lcc	TRAV1-2*01	TRAJ33*01	CAVKDSNYQLIW	TRBV6-1*01	TRBJ2-2*01	CASSVWTGEGSGELFF	0	-	MR1	3.26	-
human	4lcw	TRAV1-2*01	TRAJ33*01	CAVKDSNYQLIW	TRBV6-1*01	TRBJ2-2*01	CASSVWTGEGSGELFF	0	-	MR1	2.40	-
human	4may	TRAV13-1*01	TRAJ48*01	CAASSFGNEKLTF	TRBV7-3*01	TRBJ2-3*01	CATSALGDTQYF	0	QLVHFVRDFAQL	DQA1*01:02:01:01,DQB1*05:141	2.20	pdbs/4may.pdb.human.MH2.DQA1-01_DQB1-05.AB.E.CD.pdb
human	4mji	TRAV17*01	TRAJ22*01	CATDDDSARQLTF	TRBV7-3*01	TRBJ2-2*01	CASSLTGGGELFF	0	TAFTIPSI	B*51:01:01:01	2.99	pdbs/4mji.pdb.human.MH1.B-51.A.C.DE.pdb
human	4mnq	TRAV22*01	TRAJ40*01	CAVDSATALPYGYIF	TRBV6-5*01	TRBJ1-1*01	CASSYQGTEAFF	6	ILAKFLHWL	A*02:01:01:01	2.74	pdbs/4mnq.pdb.human.MH1.A-02.A.C.DE.pdb
human	4nqc	TRAV1-2*01	TRAJ33*01	CAVKDSNYQLIW	TRBV6-1*01	TRBJ2-2*01	CASSVWTGEGSGELFF	0	-	MR1	2.50	-
human	4nqd	TRAV1-2*01	TRAJ33*01	CAVKDSNYQLIW	TRBV6-1*01	TRBJ2-2*01	CASSVWTGEGSGELFF	0	-	MR1	2.20	-
human	4nqe	TRAV1-2*01	TRAJ33*01	CAVKDSNYQLIW	TRBV6-1*01	TRBJ2-2*01	CASSVWTGEGSGELFF	0	-	MR1	2.10	-
human	4ozf	TRAV26-1*01	TRAJ54*01	CIAFQGAQKLVF	TRBV7-2*01	TRBJ2-3*01	CASSFRALAADTQYF	0	APQPELPYPQPGS	DQA1*05:01:01:01,DQB1*02:01:01	2.70	pdbs/4ozf.pdb.human.MH2.DQA1-05_DQB1-02.AB.J.GH.pdb
human	4ozg	TRAV26-1*01	TRAJ45*01	CIVLGGADGLTF	TRBV7-2*01	TRBJ2-3*01	CASSFRFTDTQYF	0	APQPELPYPQPGS	DQA1*05:01:01:01,DQB1*02:01:01	3.00	pdbs/4ozg.pdb.human.MH2.DQA1-05_DQB1-02.AB.J.GH.pdb
human	4ozh	TRAV26-1*01	TRAJ32*01	CIVWGGATNKLIF	TRBV7-2*01	TRBJ2-3*01	CASSVRSTDTQYF	0	APQPELPYPQPGS	DQA1*05:01:01:01,DQB1*02:01:01	2.80	pdbs/4ozh.pdb.human.MH2.DQA1-05_DQB1-02.AB.J.GH.pdb
human	4ozi	TRAV4*01	TRAJ4*01	CLVGDGGSFSGGYNKLIF	TRBV20-1*01	TRBJ2-5*01	CSAGVGGQETQYF	0	QPFPQPELPYPGS	DQA1*05:01:01:01,DQB1*02:01:01	3.20	pdbs/4ozi.pdb.human.MH2.DQA1-05_DQB1-02.AB.J.GH.pdb
human	4p4k	TRAV9-2*01	TRAJ28*01	CALSLYSGAGSYQLTF	TRBV5-1*01	TRBJ2-5*01	CASSLAQGGETQYF	0	QAFWIDLFETIG	DPA1*01:04,DPB1*352:01	2.80	pdbs/4p4k.pdb.human.MH2.DPA1-01_DPB1-352.AB.I.CD.pdb
human	4pj5	TRAV1-2*01	TRAJ33*01	CAVKDSNYQLIW	TRBV6-1*01	TRBJ2-2*01	CASSVWTGEGSGELFF	0	-	MR1	2.00	-
human	4pj7	TRAV1-2*01	TRAJ33*01	CAVMDSNYQLIW	TRBV6-4*01	TRBJ2-1*01	CASSGGTNNEQFF	0	-	MR1	2.50	-
human	4pj8	TRAV1-2*01	TRAJ33*01	CAFMDSNYQLIW	TRBV20-1*01	TRBJ2-1*01	CSARTSGDFGEQFF	1	-	MR1	3.30	-
human	4pj9	TRAV1-2*01	TRAJ20*01	CAVRDGDYKLSF	TRBV6-4*01	TRBJ2-2*01	CASSAGASTGELFF	0	-	MR1	2.00	-
human	4pja	TRAV1-2*01	TRAJ33*01	CAGMDSNYQLIW	TRBV6-1*01	TRBJ1-5*01	CASTLGQEGQPQHF	4	-	MR1	2.68	-
human	4pjb	TRAV1-2*01	TRAJ33*01	CASIDSNYQLIW	TRBV6-1*01	TRBJ2-2*01	CASSETDPNTGELFF	0	-	MR1	2.85	-
human	4pjc	TRAV1-2*01	TRAJ33*01	CAVRDSNYQLIW	TRBV6-1*01	TRBJ1-3*01	CASSAAVEGGNTIYF	2	-	MR1	2.50	-
human	4pjd	TRAV1-2*01	TRAJ33*01	CAVVDSNYQLIW	TRBV6-1*01	TRBJ2-3*01	CASSPPGGTDTQYF	2	-	MR1	2.78	-
human	4pje	TRAV1-2*01	TRAJ33*01	CAGMDSNYQLIW	TRBV6-1*01	TRBJ1-5*01	CASTLGQEGQPQHF	4	-	MR1	1.95	-
human	4pjf	TRAV1-2*01	TRAJ33*01	CAAEDSNYQLIW	TRBV6-1*01	TRBJ2-6*01	CASSYEVSGANVLTF	1	-	MR1	2.45	-
human	4pjg	TRAV1-2*01	TRAJ33*01	CASIDSNYQLIW	TRBV6-1*01	TRBJ2-2*01	CASSETDPNTGELFF	0	-	MR1	2.40	-
human	4pjh	TRAV1-2*01	TRAJ33*01	CAAMDSNYQLIW	TRBV6-1*01	TRBJ2-2*01	CASSGGDSGELFF	0	-	MR1	2.00	-
human	4pji	TRAV1-2*01	TRAJ33*01	CAVVDSNYQLIW	TRBV6-1*01	TRBJ2-3*01	CASSPPGGTDTQYF	2	-	MR1	2.50	-
human	4pjx	TRAV1-2*01	TRAJ33*01	CAVRDSNYQLIW	TRBV6-1*01	TRBJ1-3*01	CASSAAVEGGNTIYF	2	-	MR1	2.25	-
human	4prh	TRAV20*01	TRAJ58*01	CAVQDLGTSGSRLTF	TRBV9*01	TRBJ2-2*01	CASSARSGELFF	0	HPVGDADYFEY	B*35:08:01:01	2.50	pdbs/4prh.pdb.human.MH1.B-35.A.C.DE.pdb
human	4pri	TRAV20*01	TRAJ58*01	CAVQDLGTSGSRLTF	TRBV9*01	TRBJ2-2*01	CASSARSGELFF	0	HPVGEADYFEY	B*35:08:01:01	2.40	pdbs/4pri.pdb.human.MH1.B-35.A.C.DE.pdb
human	4prp	TRAV20*01	TRAJ58*01	CAVQDLGTSGSRLTF	TRBV9*01	TRBJ2-2*01	CASSARSGELFF	0	HPVGQADYFEY	B*35:01:01:01	2.50	pdbs/4prp.pdb.human.MH1.B-35.A.C.DE.pdb
human	4qok	TRAV12-2*01	TRAJ27*01	CAVNVAGKSTF	TRBV30*01	TRBJ2-2*01	CAWSETGLGTGELFF	1	EAAGIGILTV	A*02:01:01:01	3.00	pdbs/4qok.pdb.human.MH1.A-02.A.C.DE.pdb
human	4qrp	TRAV9-2*01	TRAJ43*01	CALSDPVNDMRF	TRBV11-2*01	TRBJ1-5*01	CASSLRGRGDQPQHF	1	HSKKKCDEL	B*08:01:01:01	2.90	pdbs/4qrp.pdb.human.MH1.B-08.A.C.DE.pdb
human	4ww2	TRAV21*01	TRAJ8*01	CAGVNTGFQKLVF	TRBV7-8*01	TRBJ2-7*01	CASSSRDLEQYF	0	-	CD1d	2.48	-
human	4wwk	TRAV12-3*01	TRAJ27*01	CAMSGDLNTNAGKSTF	TRBV6-5*01	TRBJ1-5*01	CASSQGPFQPQHF	0	-	CD1d	3.10	-
human	4x6c	TRAV12-3*01	TRAJ27*01	CAMSTSLPNAGKSTF	TRBV6-2*01	TRBJ1-1*01	CASRYFLPTQGMGAFF	0	-	CD1a	2.80	-
human	4x6d	TRAV12-3*01	TRAJ27*01	CAMSTSLPNAGKSTF	TRBV6-2*01	TRBJ1-1*01	CASRYFLPTQGMGAFF	0	-	CD1a	2.98	-
human	4y19	TRAV29/DV5*01	TRAJ52*01	CAASVYAGGTSYGKLTF	TRBV6-2*01	TRBJ2-1*01	CASRPRRDNEQFF	0	GSLQPLALEGSLQKRG	DRA*01:01:01:01,DRB1*04:01:01:01	2.50	pdbs/4y19.pdb.human.MH2.DRA-01_DRB1-04.AB.C.DE.pdb
human	4y1a	TRAV29/DV5*01	TRAJ52*01	CAASSSAGGTSYGKLTF	TRBV6-2*01	TRBJ2-3*01	CASRPRDPVTQYF	0	GSLQPLALEGSLQKRG	DRA*01:01:01:01,DRB1*04:01:01:01	4.00	pdbs/4y1a.pdb.human.MH2.DRA-01_DRB1-04.AB.C.DE.pdb
human	4z7u	TRAV26-2*01	TRAJ49*01	CILRDRSNQFYF	TRBV9*01	TRBJ2-5*01	CASSTTPGTGTETQYF	0	APSGEGSFQPSQENPQGS	DQA1*03:01:01,DQB1*03:02:01:01	2.70	pdbs/4z7u.pdb.human.MH2.DQA1-03_DQB1-03.AB.J.GH.pdb
human	4z7v	TRAV26-2*01	TRAJ54*01	CILRDSRAQKLVF	TRBV9*01	TRBJ2-7*01	CASSAGTSGEYEQYF	0	APSGEGSFQPSQENPQGS	DQA1*03:01:01,DQB1*03:02:01:01	2.65	pdbs/4z7v.pdb.human.MH2.DQA1-03_DQB1-03.AB.J.GH.pdb
human	4z7w	TRAV8-3*01	TRAJ36*01	CAVGETGANNLFF	TRBV6-1*01	TRBJ2-1*01	CASSEARRYNEQFF	0	APSGEGSFQPSQENPQGS	DQA1*03:01:01,DQB1*03:02:01:01	2.89	pdbs/4z7w.pdb.human.MH2.DQA1-03_DQB1-03.AB.J.GH.pdb
human	5brz	TRAV21*01	TRAJ28*01	CAVRPGGAGPFFVVF	TRBV5-1*01	TRBJ2-7*01	CASSFNMATGQYF	5	EVDPIGHLY	A*01:01:01:01	2.62	pdbs/5brz.pdb.human.MH1.A-01.A.C.DE.pdb
human	5bs0	TRAV21*01	TRAJ28*01	CAVRPGGAGPFFVVF	TRBV5-1*01	TRBJ2-7*01	CASSFNMATGQYF	5	ESDPIVAQY	A*01:01:01:01	2.40	pdbs/5bs0.pdb.human.MH1.A-01.A.C.DE.pdb
human	5c07	TRAV12-3*01	TRAJ12*01	CAMRGDSSYKLIF	TRBV12-4*01	TRBJ2-4*01	CASSLWEKLAKNIQYF	1	YQFGPDFPIA	A*02:01:01:01	2.11	pdbs/5c07.pdb.human.MH1.A-02.A.C.DE.pdb
human	5c08	TRAV12-3*01	TRAJ12*01	CAMRGDSSYKLIF	TRBV12-4*01	TRBJ2-4*01	CASSLWEKLAKNIQYF	1	RQWGPDPAAV	A*02:01:01:01	2.33	pdbs/5c08.pdb.human.MH1.A-02.A.C.DE.pdb
human	5c09	TRAV12-3*01	TRAJ12*01	CAMRGDSSYKLIF	TRBV12-4*01	TRBJ2-4*01	CASSLWEKLAKNIQYF	1	YLGGPDFPTI	A*02:01:01:01	2.48	pdbs/5c09.pdb.human.MH1.A-02.A.C.DE.pdb
human	5c0a	TRAV12-3*01	TRAJ12*01	CAMRGDSSYKLIF	TRBV12-4*01	TRBJ2-4*01	CASSLWEKLAKNIQYF	1	MVWGPDPLYV	A*02:01:01:01	2.46	pdbs/5c0a.pdb.human.MH1.A-02.A.C.DE.pdb
human	5c0b	TRAV12-3*01	TRAJ12*01	CAMRGDSSYKLIF	TRBV12-4*01	TRBJ2-4*01	CASSLWEKLAKNIQYF	1	RQFGPDFPTI	A*02:01:01:01	2.03	pdbs/5c0b.pdb.human.MH1.A-02.A.C.DE.pdb
human	5c0c	TRAV12-3*01	TRAJ12*01	CAMRGDSSYKLIF	TRBV12-4*01	TRBJ2-4*01	CASSLWEKLAKNIQYF	1	RQFGPDWIVA	A*02:01:01:01	1.97	pdbs/5c0c.pdb.human.MH1.A-02.A.C.IJ.pdb
human	5d2l	TRAV24*01	TRAJ49*01	CAFITGNQFYF	TRBV7-2*02	TRBJ2-5*01	CASSQTQLWETQYF	2	NLVPMVATV	A*02:01:01:01	3.51	pdbs/5d2l.pdb.human.MH1.A-02.A.Q.IJ.pdb
human	5d2n	TRAV26-2*01	TRAJ43*01	CILDNNNDMRF	TRBV7-6*01	TRBJ1-4*01	CASSLAPGTTNEKLFF	0	NLVPMVATV	A*02:01:01:01	2.10	pdbs/5d2n.pdb.human.MH1.A-02.A.I.DE.pdb
human	5d5m	TRAV1-2*01	TRAJ33*01	CAVMDSNYQLIW	TRBV6-4*01	TRBJ2-2*01	CASSEAGGNTGELFF	0	-	MR1	2.20	-
human	5d7i	TRAV1-2*01	TRAJ33*01	CAVMDSNYQLIW	TRBV6-4*01	TRBJ2-2*01	CASSEAGGNTGELFF	0	-	MR1	2.00	-
human	5d7j	TRAV1-2*01	TRAJ33*01	CAVMDSNFQLIW	TRBV6-4*01	TRBJ2-2*01	CASSEAGGNTGELFF	0	-	MR1	1.97	-
human	5d7l	TRAV36/DV7*01	TRAJ34*01	CAAYNTDKLIF	TRBV28*01	TRBJ2-5*01	CASSPSGYQETQYF	1	-	MR1	3.40	-
human	5e6i	TRAV35*01	TRAJ37*02	CAGPGGSSNTGKLIF	TRBV27*01	TRBJ2-2*01	CASSLIYPGELFF	1	GILGFVFTL	A*02:01:01:01	4.00	pdbs/5e6i.pdb.human.MH1.A-02.C.E.AB.pdb
human	5e9d	TRAV12-2*01	TRAJ24*02	CAVTKYSWGKLQF	TRBV6-5*01	TRBJ2-7*01	CASRPGWMAGGVELYF	6	ELAGIGILTV	A*02:01:01:01	2.51	pdbs/5e9d.pdb.human.MH1.A-02.A.C.DE.pdb
human	5eu6	TRAV21*01	TRAJ53*01	CAVLSSGGSNYKLTF	TRBV7-3*01	TRBJ2-3*01	CASSFIGGTDTQYF	0	YLEPGPVTV	A*02:01:01:01	2.02	pdbs/5eu6.pdb.human.MH1.A-02.A.C.DE.pdb
human	5euo	TRAV27*01	TRAJ37*02	CAGAIGPSNTGKLIF	TRBV19*01	TRBJ2-7*01	CASSIRSSYEQYF	4	GILGFVFTL	A*02:01:01:01	2.10	pdbs/5euo.pdb.human.MH1.A-02.A.J.EF.pdb
human	5hhm	TRAV27*01	TRAJ42*01	CAGAGSQGNLIF	TRBV19*01	TRBJ2-7*01	CASSSRSSYEQYF	0	GILGLVFTL	A*02:01:01:01	2.50	pdbs/5hhm.pdb.human.MH1.A-02.A.C.DE.pdb
human	5hho	TRAV27*01	TRAJ42*01	CAGAGSQGNLIF	TRBV19*01	TRBJ2-7*01	CASSIRSSYEQYF	0	GILEFVFTL	A*02:01:01:01	2.95	pdbs/5hho.pdb.human.MH1.A-02.A.C.DE.pdb
human	5hyj	TRAV12-3*01	TRAJ12*01	CAMRGDSSYKLIF	TRBV12-4*01	TRBJ2-4*01	CASSLWEKLAKNIQYF	1	AQWGPDPAAA	A*02:01:01:01	3.06	pdbs/5hyj.pdb.human.MH1.A-02.A.C.DE.pdb
human	5isz	TRAV24*01	TRAJ27*01	CAFDTNAGKSTF	TRBV19*01	TRBJ2-7*01	CASSIFGQREQYF	3	GILGFVFTL	A*02:01:01:01	2.06	pdbs/5isz.pdb.human.MH1.A-02.A.C.DE.pdb
human	5jhd	TRAV38-2/DV8*01	TRAJ52*01	CAWGVNAGGTSYGKLTF	TRBV19*01	TRBJ1-2*01	CASSIGVYGYTF	0	GILGFVFTL	A*02:01:01:01	2.46	pdbs/5jhd.pdb.human.MH1.A-02.A.C.DE.pdb
human	5jzi	TRAV38-2/DV8*01	TRAJ30*01	CAYGEDDKIIF	TRBV25-1*01	TRBJ2-7*01	CASRRGPYEQYF	0	KLVALGINAV	A*02:01:01:01	2.50	pdbs/5jzi.pdb.human.MH1.A-02.A.C.DE.pdb
human	5ks9	TRAV20*01	TRAJ39*01	CAVALNNNAGNMLTF	TRBV9*01	TRBJ2-3*01	CASSVAPGSDTQYF	0	APSGEGSFQPSQENPQ	DQA1*03:01:01,DQB1*03:02:01:01	2.55	pdbs/5ks9.pdb.human.MH2.DQA1-03_DQB1-03.AB.J.GH.pdb
human	5ksa	TRAV20*01	TRAJ33*01	CAVQFMDSNYQLIW	TRBV9*01	TRBJ2-7*01	CASSVAGTPSYEQYF	0	QPQQSFPEQEA	DQA1*05:01:01:01,DQB1*03:02:01:01	2.00	pdbs/5ksa.pdb.human.MH2.DQA1-05_DQB1-03.AB.J.CD.pdb
human	5ksb	TRAV20*01	TRAJ6*01	CAVQASGGSYIPTF	TRBV9*01	TRBJ2-3*01	CASSNRGLGTDTQYF	0	GPQQSFPEQEA	DQA1*05:01:01:01,DQB1*03:02:01:01	2.90	pdbs/5ksb.pdb.human.MH2.DQA1-05_DQB1-03.AB.J.GH.pdb
human	5l2k	TRAV1-2*01	TRAJ9*01	CAVRNTGGFKTIF	TRBV6-2*01	TRBJ2-1*01	CASSPRLAGDEQFF	0	-	CD1b	3.20	-
human	5men	TRAV22*01	TRAJ40*01	CAVDSATSGTYKYIF	TRBV6-5*01	TRBJ1-1*01	CASSYQGTEAFF	0	ILAKFLHWL	A*02:01:01:01	2.81	pdbs/5men.pdb.human.MH1.A-02.A.C.DE.pdb
human	5nht	TRAV12-2*01	TRAJ45*01	CAVGGGADGLTF	TRBV19*01	TRBJ2-2*01	CASSQGLAGAGELFF	0	ELAGIGILTV	A*02:01:01:01	3.20	pdbs/5nht.pdb.human.MH1.A-02.H.P.AB.pdb
human	5nme	TRAV12-2*01	TRAJ41*01	CAVRTNSGYALNF	TRBV5-6*01	TRBJ2-7*01	CASSDTVSYEQYF	4	SLYNTVATL	A*02:01:01:01	2.94	pdbs/5nme.pdb.human.MH1.A-02.A.C.DE.pdb
human	5nmf	TRAV12-2*01	TRAJ41*01	CAVRTNSGYALNF	TRBV5-6*01	TRBJ2-7*01	CASSDTVSYEQYF	4	SLYNTIATL	A*02:01:01:01	2.89	pdbs/5nmf.pdb.human.MH1.A-02.A.C.DE.pdb
human	5nmg	TRAV12-2*01	TRAJ41*01	CAVRTNSGYALNF	TRBV5-6*01	TRBJ2-7*01	CASSDTVSYEQYF	4	SLFNTIAVL	A*02:01:01:01	2.75	pdbs/5nmg.pdb.human.MH1.A-02.A.C.DE.pdb
human	5nqk	TRAV12-2*01	TRAJ45*01	CAGGGGADGLTF	TRBV19*01	TRBJ2-2*01	CASSQGLAGAGELFF	0	ELAGIGILTV	A*02:01:01:01	3.25	pdbs/5nqk.pdb.human.MH1.A-02.H.P.AB.pdb
human	5tez	TRAV13-1*01	TRAJ54*01	CAASFIIQGAQKLVF	TRBV27*01	TRBJ1-1*01	CASSLLGGWSEAFF	1	GILGFVFTL	A*02:01:01:01	1.70	pdbs/5tez.pdb.human.MH1.A-02.A.C.IJ.pdb
human	5u16	TRAV1-2*01	TRAJ33*01	CAVKDSNYQLIW	TRBV6-1*01	TRBJ2-2*01	CASSVWTGEGSGELFF	0	-	MR1	2.00	-
human	5u17	TRAV1-2*01	TRAJ33*01	CAVKDSNYQLIW	TRBV6-1*01	TRBJ2-2*01	CASSVWTGEGSGELFF	0	-	MR1	2.15	-
human	5u1r	TRAV1-2*01	TRAJ33*01	CAVKDSNYQLIW	TRBV6-1*01	TRBJ2-2*01	CASSVWTGEGSGELFF	0	-	MR1	2.70	-
human	5u2v	TRAV1-2*01	TRAJ33*01	CAVKDSNYQLIW	TRBV6-1*01	TRBJ2-2*01	CASSVWTGEGSGELFF	0	-	MR1	2.20	-
human	5u6q	TRAV1-2*01	TRAJ33*01	CAVKDSNYQLIW	TRBV6-1*01	TRBJ2-2*01	CASSVWTGEGSGELFF	0	-	MR1	1.90	-
human	5u72	TRAV1-2*01	TRAJ33*01	CAVKDSNYQLIW	TRBV6-1*01	TRBJ2-2*01	CASSVWTGEGSGELFF	0	-	MR1	2.50	-
human	5w1v	TRAV35*01	TRAJ53*01	CAGQPLGGSNYKLTF	TRBV9*01	TRBJ1-4*01	CASSANPGDSSNEKLFF	1	VMAPRTLIL	E*01:01:02	3.31	pdbs/5w1v.pdb.human.MH3.E-01.A.C.DE.pdb
human	5w1w	TRAV35*01	TRAJ53*01	CAGQPLGGSNYKLTF	TRBV9*01	TRBJ1-4*01	CASSANPGDSSNEKLFF	1	VMAPRTLVL	E*01:01:02	3.10	pdbs/5w1w.pdb.human.MH3.E-01.A.C.DE.pdb
human	5wkf	TRAV30*01	TRAJ39*01	CGLGDAGNMLTF	TRBV11-2*01	TRBJ1-2*01	CASSLGQGLLYGYTF	4	GTSGSPIVNR	A*11:01:01:01	2.95	pdbs/5wkf.pdb.human.MH1.A-11.A.C.DE.pdb
human	5wkh	TRAV30*01	TRAJ39*01	CGLGDAGNMLTF	TRBV11-2*01	TRBJ1-2*01	CASSLGQGLLYGYTF	3	GTSGSPIINR	A*11:01:01:01	3.20	pdbs/5wkh.pdb.human.MH1.A-11.A.C.DE.pdb
human	5wki	TRAV26-1*01	TRAJ13*02	CIVRVAYRQKVTF	TRBV7-8*01	TRBJ2-2*01	CASSLARAQGASNTGELFF	0	-	CD1b	2.75	-
human	5yxn	TRAV38-2/DV8*01	TRAJ30*01	CAYGEDDKIIF	TRBV25-1*01	TRBJ2-7*01	CASRRGPYEQYF	0	KLVALGINAV	A*02:01:01:01	2.03	pdbs/5yxn.pdb.human.MH1.A-02.C.I.AB.pdb
human	5yxu	TRAV38-2/DV8*01	TRAJ30*01	CAYGEDDKIIF	TRBV25-1*01	TRBJ2-7*01	CASRRGSAELYF	2	KLVALGINAV	A*02:01:01:01	2.70	pdbs/5yxu.pdb.human.MH1.A-02.C.I.AB.pdb
human	6am5	TRAV12-2*01	TRAJ23*01	CAVNFGGGKLIF	TRBV6-4*01	TRBJ1-1*01	CASSLSFGTEAFF	0	SMLGIGIVPV	A*02:01:01:01	2.39	pdbs/6am5.pdb.human.MH1.A-02.A.C.DE.pdb
human	6amu	TRAV12-2*01	TRAJ23*01	CAVNFGGGKLIF	TRBV6-4*01	TRBJ1-1*01	CASSLSFGTEAFF	0	MMWDRGLGMM	A*02:01:01:01	2.15	pdbs/6amu.pdb.human.MH1.A-02.A.C.DE.pdb
human	6avf	TRAV4*01	TRAJ21*01	CLVGEILDNFNKFYF	TRBV28*01	TRBJ2-3*01	CASSQRQEGDTQYF	0	APRGPHGGAASGL	B*07:02:01:01	2.03	pdbs/6avf.pdb.human.MH1.B-07.H.P.AB.pdb
human	6avg	TRAV4*01	TRAJ8*01	CLVVDQKLVF	TRBV9*01	TRBJ2-1*01	CASSGGHTGSNEQFF	0	APRGPHGGAASGL	B*07:02:01:01	2.60	pdbs/6avg.pdb.human.MH1.B-07.F.Q.BE.pdb
human	6bj2	TRAV19*01	TRAJ53*01	CALSHNSGGSNYKLTF	TRBV5-4*01	TRBJ2-5*01	CASSFRGGKTQYF	1	IPLTEEAEL	B*35:01:01:01	3.35	pdbs/6bj2.pdb.human.MH1.B-35.A.C.DE.pdb
human	6c09	TRAV29/DV5*01	TRAJ30*01	CAASVGDKIIF	TRBV7-2*01	TRBJ2-1*01	CASSSYRGPRMNEQFF	0	-	CD1c	2.95	-
human	6cql	TRAV24*01	TRAJ17*01	CAFKAAGNKLTF	TRBV2*01	TRBJ2-1*01	CASSRLAGGMDEQFF	2	RFYKTLRAEQASQ	DRA*01:01:01:01,DRB1*11:91	2.40	pdbs/6cql.pdb.human.MH2.DRA-01_DRB1-11.AB.C.DE.pdb
human	6cqn	TRAV24*01	TRAJ17*01	CAFKAAGNKLTF	TRBV2*01	TRBJ2-1*01	CASSGLAGGMDEQFF	2	RFYKTLRAEQASQ	DRA*01:01:01:01,DRB1*11:91	2.50	pdbs/6cqn.pdb.human.MH2.DRA-01_DRB1-11.AB.C.DE.pdb
human	6cqq	TRAV24*01	TRAJ17*01	CAFKAAGNKLTF	TRBV2*01	TRBJ2-1*01	CASSRLAGGMDEQFF	2	RFYKTLRAEQASQ	DRA*01:01:01:01,DRB1*15:02:01:01	2.80	pdbs/6cqq.pdb.human.MH2.DRA-01_DRB1-15.AB.C.DE.pdb
human	6cqr	TRAV24*01	TRAJ17*01	CAFKAAGNKLTF	TRBV2*01	TRBJ2-1*01	CASSRLAGGMDEQFF	2	RFYKTLRAEQASQ	DRA*01:01:01:01,DRB1*01:01:01	3.04	pdbs/6cqr.pdb.human.MH2.DRA-01_DRB1-01.AB.C.DE.pdb
human	6cug	TRAV9-2*01	TRAJ13*02	CALTPSGGYQKVTF	TRBV6-2*01	TRBJ2-7*01	CASSMPGLRSSYEQYF	0	-	CD1b	2.40	-
human	6d78	TRAV12-2*01	TRAJ23*01	CAVNFGGGKLIF	TRBV6-4*01	TRBJ1-1*01	CASSWSFGTEAFF	1	AAGIGILTV	A*02:01:01:01	2.35	pdbs/6d78.pdb.human.MH1.A-02.A.C.DE.pdb
human	6dfx	TRAV17*01	TRAJ23*01	CATDAGYNQGGKLIF	TRBV5-1*01	TRBJ1-3*01	CASSAGNTIYF	0	VEELYLVAGEEGCGGGGSL	DQA1*03:01:01,DQB1*03:02:01:01	2.03	pdbs/6dfx.pdb.human.MH2.DQA1-03_DQB1-03.AB.C.GH.pdb
human	6dkp	TRAV12-2*01	TRAJ23*01	CAVNFGGGKLIF	TRBV6-4*01	TRBJ1-1*01	CASSWSFGTEAFF	2	ELAGIGILTV	A*02:01:01:01	2.97	pdbs/6dkp.pdb.human.MH1.A-02.A.C.DE.pdb
human	6eqa	TRAV12-2*01	TRAJ27*01	CAVNVAGKSTF	TRBV30*01	TRBJ2-2*01	CAWSETGLGTGELFF	1	AAGIGILTV	A*02:01:01:01	3.16	pdbs/6eqa.pdb.human.MH1.A-02.A.C.DE.pdb
human	6mtm	TRAV30*01	TRAJ13*01	CGTERSGGYQKVTF	TRBV19*01	TRBJ1-1*01	CASSMSAMGTEAFF	0	FEDLRVLSF	B*37:01:01	3.00	pdbs/6mtm.pdb.human.MH1.B-37.A.C.DE.pdb
human	6q3s	TRAV21*01	TRAJ6*01	CAVRPTSGGSYIPTF	TRBV6-5*01	TRBJ2-2*01	CASSYVGNTGELFF	0	SLLMWITQV	A*02:624	2.50	pdbs/6q3s.pdb.human.MH1.A-02.A.C.DE.pdb
mouse	1d9k	TRAV14D-2*01	TRAJ4*01	CAATGSFNKLTF	TRBV13-2*01	TRBJ2-1*01	CASGGQGRAEQFF	4	GNSHRGAIEWEGIESG	AKa,AKb	3.20	pdbs/1d9k.pdb.mouse.MH2.AKa_AKb.CD.P.AB.pdb
mouse	1fo0	TRAV16*01	TRAJ32*02	CAMRGDYGGSGNKLIF	TRBV1*01	TRBJ1-3*01	CTCSADRVGNTLYF	0	INFDFNTI	K-B	2.50	pdbs/1fo0.pdb.mouse.MH1.K-B.H.P.AB.pdb
mouse	1g6r	TRAV9-4*01	TRAJ35*02	CAVSGFASALTF	TRBV13-2*01	TRBJ2-4*01	CASGGGGTLYF	0	SIYRYYGL	K-B	2.80	pdbs/1g6r.pdb.mouse.MH1.K-B.H.P.AB.pdb
mouse	1kb5	TRAV14-1*01	TRAJ15*01	CAARYQGGRALIF	TRBV1*01	TRBJ2-3*01	CTCSAAPDWGASAETLYF	0	-	no_mhc	2.50	-
mouse	1kj2	TRAV14-1*01	TRAJ15*01	CAARYQGGRALIF	TRBV1*01	TRBJ2-3*01	CTCSAAPDWGASAETLYF	0	KVITFIDL	K-B	2.71	pdbs/1kj2.pdb.mouse.MH1.K-B.H.P.AB.pdb
mouse	1lp9	TRAV12D-2*01	TRAJ50*01	CALFLASSSFSKLVF	TRBV13-3*01	TRBJ2-7*01	CASSDWVSYEQYF	0	ALWGFFPVL	K-B	2.00	pdbs/1lp9.pdb.mouse.MH1.K-B.A.C.EF.pdb
mouse	1mwa	TRAV9-4*01	TRAJ35*02	CAVSGFASALTF	TRBV13-2*01	TRBJ2-4*01	CASGGGGTLYF	0	EQYKFYSV	K-B	2.40	pdbs/1mwa.pdb.mouse.MH1.K-B.H.P.AB.pdb
mouse	1nam	TRAV16*01	TRAJ32*02	CAMRGDYGGSGNKLIF	TRBV1*01	TRBJ1-3*01	CTCSADRVGNTLYF	0	RGYVYQGL	K-B	2.70	pdbs/1nam.pdb.mouse.MH1.K-B.H.P.AB.pdb
mouse	1nfd	TRAV12D-1*01	TRAJ40*01	CALSEGGNYKYVF	TRBV12-1*01	TRBJ2-7*01	CASSLRWGDEQYF	1	-	no_mhc	2.80	-
mouse	1u3h	TRAV14-3*01	TRAJ13*01	CAASANSGTYQRF	TRBV13-2*01	TRBJ2-7*01	CASGDAGGGYEQYF	4	SRGGASQYRPSQ	AUa,AUb	2.42	pdbs/1u3h.pdb.mouse.MH2.AUa_AUb.CD.P.AB.pdb
mouse	2ckb	TRAV9-4*01	TRAJ35*02	CAVSGFASALTF	TRBV13-2*01	TRBJ2-4*01	CASGGGGTLYF	0	EQYKFYSV	K-B	3.00	pdbs/2ckb.pdb.mouse.MH1.K-B.H.P.AB.pdb
mouse	2e7l	TRAV9-4*01	TRAJ35*02	CAVSHQGRYLTF	TRBV13-2*01	TRBJ2-4*01	CASGGGGTLYF	7	QLSPFPFDL	L-D	2.50	pdbs/2e7l.pdb.mouse.MH1.L-D.E.Q.AD.pdb
mouse	2icw	TRAV9-4*01	TRAJ35*02	CAVSGFASALTF	TRBV13-2*01	TRBJ2-4*01	CASGGGGTLYF	5	PKYVKQNTLKLAT	EKa,EKb	2.41	-
mouse	2j8u	TRAV12D-2*01	TRAJ50*01	CALFLASSSFSKLVF	TRBV13-3*01	TRBJ2-7*01	CASSDWVSYEQYF	0	ALWGFFPVL	K-B	2.88	pdbs/2j8u.pdb.mouse.MH1.K-B.A.C.EF.pdb
mouse	2jcc	TRAV12D-2*01	TRAJ50*01	CALFLASSSFSKLVF	TRBV13-3*01	TRBJ2-7*01	CASSDWVSYEQYF	0	ALWGFFPVL	K-B	2.50	pdbs/2jcc.pdb.mouse.MH1.K-B.A.C.EF.pdb
mouse	2oi9	TRAV9-4*01	TRAJ35*02	CAVSGFASALTF	TRBV13-2*01	TRBJ2-4*01	CASGGGGTLYF	7	QLSPFPFDL	L-D	2.35	pdbs/2oi9.pdb.mouse.MH1.L-D.A.Q.BC.pdb
mouse	2ol3	TRAV16*01	TRAJ32*02	CAMRGDYGGSGNKLIF	TRBV1*01	TRBJ1-3*01	CTCSADRVGNTLYF	0	SQYYYNSL	K-B	2.90	pdbs/2ol3.pdb.mouse.MH1.K-B.H.P.AB.pdb
mouse	2pxy	TRAV6D-7*01	TRAJ48*01	CALSENYGNEKITF	TRBV13-2*01	TRBJ2-3*01	CASGDASGAETLYF	10	HSRGGASQYRPSQ	AUa,AUb	2.23	pdbs/2pxy.pdb.mouse.MH2.AUa_AUb.CD.P.AB.pdb
mouse	2uwe	TRAV12D-2*01	TRAJ50*01	CALFLASSSFSKLVF	TRBV13-3*01	TRBJ2-7*01	CASSDWVSYEQYF	0	ALWGFFPVL	K-B	2.40	pdbs/2uwe.pdb.mouse.MH1.K-B.A.C.EF.pdb
mouse	2z31	TRAV6D-7*01	TRAJ48*01	CALSENYGNEKITF	TRBV13-2*01	TRBJ2-4*01	CASGDASGGNTLYF	8	RGGASQYRPSQ	AUa,AUb	2.70	pdbs/2z31.pdb.mouse.MH2.AUa_AUb.CD.P.AB.pdb
mouse	3arb	TRAV11*02	TRAJ18*01	CVVGDRGSALGRLHF	TRBV13-2*01	TRBJ2-1*01	CASGDAGGNYAEQFF	1	-	CD1d1	2.70	-
mouse	3ard	TRAV11*02	TRAJ18*01	CVVGDRGSALGRLHF	TRBV13-2*01	TRBJ2-1*01	CASGDAGGNYAEQFF	1	-	CD1d1	3.01	-
mouse	3are	TRAV11*02	TRAJ18*01	CVVGDRGSALGRLHF	TRBV13-2*01	TRBJ2-1*01	CASGDAGGNYAEQFF	1	-	CD1d1	2.80	-
mouse	3arf	TRAV11*02	TRAJ18*01	CVVGDRGSALGRLHF	TRBV13-2*01	TRBJ2-1*01	CASGDAGGNYAEQFF	1	-	CD1d1	2.90	-
mouse	3arg	TRAV11*02	TRAJ18*01	CVVGDRGSALGRLHF	TRBV13-2*01	TRBJ2-1*01	CASGDAGGNYAEQFF	1	-	CD1d1	3.00	-
mouse	3c5z	TRAV6-7/DV9*02	TRAJ34*02	CALVISNTNKVVF	TRBV13-3*01	TRBJ1-3*01	CASIDSSGNTLYF	1	FEAQKAKANKAVDG	ABa,ABb	2.55	pdbs/3c5z.pdb.mouse.MH2.ABa_ABb.CD.I.AB.pdb
mouse	3c60	TRAV6-2*01	TRAJ13*01	CAANSGTYQRF	TRBV13-2*01	TRBJ2-4*01	CASGDFWGDTLYF	1	FEAQKAKANKAVD	ABa,ABb	3.05	pdbs/3c60.pdb.mouse.MH2.ABa_ABb.CD.I.AB.pdb
mouse	3c6l	TRAV14-2*01	TRAJ31*01	CAASDNRIFF	TRBV13-2*01	TRBJ2-7*01	CASGDAWGYEQYF	0	FEAQKAKANKAV	ABa,ABb	3.40	pdbs/3c6l.pdb.mouse.MH2.ABa_ABb.CD.I.AB.pdb
mouse	3e2h	TRAV9-4*01	TRAJ35*02	CAVSLERPYLTF	TRBV13-2*01	TRBJ2-4*01	CASGGGGTLYF	7	QLSPFPFDL	L-D	3.80	pdbs/3e2h.pdb.mouse.MH1.L-D.A.Q.BC.pdb
mouse	3e3q	TRAV9-4*01	TRAJ35*02	CAVSDPPPLLTF	TRBV13-2*01	TRBJ2-4*01	CASGGGGTLYF	7	QLSPFPFDL	L-D	2.95	pdbs/3e3q.pdb.mouse.MH1.L-D.A.Q.DE.pdb
mouse	3he6	TRAV11*02	TRAJ18*01	CVVGDRGSALGRLHF	TRBV13-2*01	TRBJ2-1*01	CASGDAGGNYAEQFF	1	-	CD1d1	2.90	-
mouse	3he7	TRAV11*02	TRAJ18*01	CVVGDRGSALGRLHF	TRBV29*01	TRBJ2-5*01	CASSSTGLDTQYF	1	-	CD1d1	2.80	-
mouse	3mbe	TRAV4-2*01	TRAJ32*02	CAAEDGGSGNKLIF	TRBV13-3*01	TRBJ1-3*01	CASSWDRAGNTLYF	0	GAMKRHGLDNYRGYSLGN	AGa,AGb	2.89	pdbs/3mbe.pdb.mouse.MH2.AGa_AGb.AB.P.CD.pdb
mouse	3o8x	TRAV11*02	TRAJ18*01	CVVGDRGSALGRLHF	TRBV13-2*01	TRBJ2-5*01	CASGDEGYTQYF	0	-	CD1d1	2.74	-
mouse	3o9w	TRAV11*02	TRAJ18*01	CVVGDRGSALGRLHF	TRBV13-2*01	TRBJ2-5*01	CASGDEGYTQYF	0	-	CD1d1	2.80	-
mouse	3pqy	TRAV21/DV12*01	TRAJ53*01	CILSGGSNYKLTF	TRBV29*01	TRBJ2-7*01	CASSFGREQYF	1	SSLENFRAYV	D-B	3.19	pdbs/3pqy.pdb.mouse.MH1.D-B.A.C.DE.pdb
mouse	3qi9	TRAV11*02	TRAJ18*01	CVVGDRGSALGRLHF	TRBV19*01	TRBJ1-1*01	CASGSLLDVREVFF	8	-	CD1d1	2.30	-
mouse	3qib	TRAV4D-4*02	TRAJ56*01	CAALRATGGNNKLTF	TRBV26*01	TRBJ2-5*01	CASSLNWSQDTQYF	0	ADLIAYLKQATKG	EKa,EKb	2.70	pdbs/3qib.pdb.mouse.MH2.EKa_EKb.AB.P.CD.pdb
mouse	3qiu	TRAV4D-4*03	TRAJ16*01	CAAEPSSGQKLVF	TRBV26*01	TRBJ1-2*01	CASSLNNANSDYTF	0	ADLIAYLKQATKG	EKa,EKb	2.70	pdbs/3qiu.pdb.mouse.MH2.EKa_EKb.AB.E.CD.pdb
mouse	3qiw	TRAV4D-4*03	TRAJ16*01	CAAEPSSGQKLVF	TRBV26*01	TRBJ1-2*01	CASSLNNANSDYTF	0	ADLIAYLEQATKG	EKa,EKb	3.30	pdbs/3qiw.pdb.mouse.MH2.EKa_EKb.AB.E.CD.pdb
mouse	3qux	TRAV11*02	TRAJ18*01	CVVGDRGSALGRLHF	TRBV13-2*01	TRBJ2-5*01	CASGDEGYTQYF	0	-	CD1d1	2.91	-
mouse	3quy	TRAV11*02	TRAJ18*01	CVVGDRGSALGRLHF	TRBV13-2*01	TRBJ2-5*01	CASGDEGYTQYF	0	-	CD1d1	2.25	-
mouse	3quz	TRAV11*02	TRAJ18*01	CVVGDRGSALGRLHF	TRBV13-2*01	TRBJ2-5*01	CASGDEGYTQYF	0	-	CD1d1	2.30	-
mouse	3rdt	TRAV14D-3/DV8*02	TRAJ45*01	CAASKGADRLTF	TRBV13-2*01	TRBJ2-4*01	CASGDFWGDTLYF	0	FEAQKAKANKAVD	ABa,ABb	2.70	pdbs/3rdt.pdb.mouse.MH2.ABa_ABb.CD.E.AB.pdb
mouse	3rgv	TRAV6-2*01	TRAJ13*01	CAANSGTYQRF	TRBV13-2*01	TRBJ2-4*01	CASGDFWGDTLYF	1	WIYVYRPMGCGGS	K-B	2.90	pdbs/3rgv.pdb.mouse.MH1.K-B.C.E.AB.pdb
mouse	3rtq	TRAV11*02	TRAJ18*01	CVVGDRGSALGRLHF	TRBV13-2*01	TRBJ2-5*01	CASGDEGYTQYF	0	-	CD1d1	2.80	-
mouse	3rug	TRAV13-3*01	TRAJ50*01	CAIASSSFSKLVF	TRBV13-3*01	TRBJ2-7*01	CASRLGGYEQYF	0	-	CD1d1	2.20	-
mouse	3rzc	TRAV11*02	TRAJ18*01	CVVGDRGSALGRLHF	TRBV13-2*01	TRBJ2-5*01	CASGDEGYTQYF	0	-	CD1d1	2.80	-
mouse	3scm	TRAV11*02	TRAJ18*01	CVVGDRGSALGRLHF	TRBV19*01	TRBJ1-1*01	CASGSLLDVREVFF	8	-	CD1d1	2.50	-
mouse	3sda	TRAV11*02	TRAJ18*01	CVVGDRGSALGRLHF	TRBV19*01	TRBJ1-1*01	CASGSLLDVREVFF	8	-	CD1d1	2.80	-
mouse	3sdc	TRAV11*02	TRAJ18*01	CVVGDRGSALGRLHF	TRBV19*01	TRBJ1-1*01	CASGSLLDVREVFF	8	-	CD1d1	3.10	-
mouse	3sdd	TRAV11*02	TRAJ18*01	CVVGDRGSALGRLHF	TRBV19*01	TRBJ1-1*01	CASGSLLDVREVFF	8	-	CD1d1	3.00	-
mouse	3ta3	TRAV11*02	TRAJ18*01	CVVGDRGSALGRLHF	TRBV13-2*01	TRBJ2-5*01	CASGDEGYTQYF	0	-	CD1d1	2.70	-
mouse	3tf7	TRAV9D-3*01	TRAJ58*01	CAVSAKGTGSKLSF	TRBV13-1*01	TRBJ2-2*01	CASSDAPGQLYF	7	QLSPFPFDL	L-D	2.75	pdbs/3tf7.pdb.mouse.MH1.L-D.A.B.CC.pdb
mouse	3tfk	TRAV9D-3*01	TRAJ58*01	CAVSAKGTGSKLSF	TRBV13-1*01	TRBJ2-2*01	CASSDAPGQLYF	0	QLSDVPMDL	L-D	2.75	pdbs/3tfk.pdb.mouse.MH1.L-D.A.B.CD.pdb
mouse	3tjh	TRAV9D-3*01	TRAJ58*01	CAVSAKGTGSKLSF	TRBV13-1*01	TRBJ2-2*01	CASSDAPGQLYF	0	SPLDSLWWI	L-D	2.12	pdbs/3tjh.pdb.mouse.MH1.L-D.A.B.CD.pdb
mouse	3tn0	TRAV11*02	TRAJ18*01	CVVGDRGSALGRLHF	TRBV13-2*01	TRBJ2-1*01	CASGDAGGNYAEQFF	1	-	CD1d1	3.20	-
mouse	3to4	TRAV11*02	TRAJ18*01	CVVGDRGSALGRLHF	TRBV1*01	TRBJ2-2*01	CTSSADHWTNTGQLYF	1	-	CD1d1	3.10	-
mouse	3tpu	TRAV9D-3*01	TRAJ58*01	CAVSAKGTGSKLSF	TRBV13-1*01	TRBJ2-2*01	CASSDAPGQLYF	0	FLSPFWFDI	L-D	3.10	pdbs/3tpu.pdb.mouse.MH1.L-D.E.F.CD.pdb
mouse	3tvm	TRAV11*02	TRAJ18*01	CVVGDRGSALGRLHF	TRBV13-2*01	TRBJ2-5*01	CASGDEGYTQYF	0	-	CD1d1	2.80	-
mouse	4apq	TRAV11*02	TRAJ18*01	CVVGDRGSALGRLHF	TRBV19*01	TRBJ1-1*01	CASGSLLDVREVFF	8	-	CD1d1	3.00	-
mouse	4ei5	TRAV7-4*01	TRAJ26*01	CAASEQNNYAQGLTF	TRBV3*01	TRBJ2-1*01	CASSFWGAYAEQFF	0	-	CD1d1	3.10	-
mouse	4elm	TRAV7-4*01	TRAJ26*01	CAASEQNNYAQGLTF	TRBV3*01	TRBJ2-1*01	CASSFWGAYAEQFF	0	-	CD1d1	3.48	-
mouse	4irj	TRAV11*02	TRAJ18*01	CVVGDRGSALGRLHF	TRBV13-2*01	TRBJ2-5*01	CASGDEGYTQYF	0	-	CD1d1	3.00	-
mouse	4irs	TRAV11*02	TRAJ18*01	CVVGDRGSALGRLHF	TRBV13-2*01	TRBJ2-5*01	CASGDEGYTQYF	0	-	CD1d1	2.80	-
mouse	4ms8	TRAV9D-3*01	TRAJ58*01	CAVSAKGTGSKLSF	TRBV13-1*01	TRBJ2-2*01	CASSDAPGQLYF	0	SPAEAGFFL	L-D	1.92	pdbs/4ms8.pdb.mouse.MH1.L-D.A.B.CD.pdb
mouse	4mvb	TRAV9D-3*01	TRAJ58*01	CAVSAKGTGSKLSF	TRBV13-1*01	TRBJ2-2*01	CASSDAPGQLYF	0	QPAEGGFQL	L-D	3.09	pdbs/4mvb.pdb.mouse.MH1.L-D.A.B.CD.pdb
mouse	4mxq	TRAV9D-3*01	TRAJ58*01	CAVSAKGTGSKLSF	TRBV13-1*01	TRBJ2-2*01	CASSDAPGQLYF	0	SPAPRPLDL	L-D	2.60	pdbs/4mxq.pdb.mouse.MH1.L-D.A.B.CD.pdb
mouse	4n0c	TRAV9D-3*01	TRAJ58*01	CAVSAKGTGSKLSF	TRBV13-1*01	TRBJ2-2*01	CASSDAPGQLYF	0	MPAGRPWDL	L-D	2.90	pdbs/4n0c.pdb.mouse.MH1.L-D.A.B.CD.pdb
mouse	4n5e	TRAV9D-3*01	TRAJ58*01	CAVSAKGTGSKLSF	TRBV13-1*01	TRBJ2-2*01	CASSDAPGQLYF	0	VPYMAEFGM	L-D	3.06	pdbs/4n5e.pdb.mouse.MH1.L-D.A.B.CD.pdb
mouse	4nhu	TRAV9-4*01	TRAJ35*02	CAVSLHRPALTF	TRBV13-2*01	TRBJ2-4*01	CASGGGGTLYF	1	GGGAPWNPAMMI	L-D	2.90	pdbs/4nhu.pdb.mouse.MH1.L-D.E.F.CD.pdb
mouse	4p23	TRAV14D-3/DV8*02	TRAJ45*01	CAASKGADRLTF	TRBV13-2*01	TRBJ2-4*01	CASGDFWGDTLYF	1	FEAQKAKANKAVD	ABa,ABb	2.25	pdbs/4p23.pdb.mouse.MH2.ABa_ABb.CD.E.AB.pdb
mouse	4p2o	TRAV4D-4*02	TRAJ56*01	CAALRATGGNNKLTF	TRBV26*01	TRBJ2-5*01	CASSLNWSQDTQYF	2	ADPADPLAFFSSAIKGGGGSLV	EKa,EKb	2.60	pdbs/4p2o.pdb.mouse.MH2.EKa_EKb.AB.P.CD.pdb
mouse	4p2q	TRAV4D-4*03	TRAJ34*02	CAAEASNTNKVVF	TRBV26*01	TRBJ1-2*01	CASSLNNANSDYTF	0	ADGLAYFRSSFKGG	EKa,EKb	3.30	pdbs/4p2q.pdb.mouse.MH2.EKa_EKb.AB.C.DE.pdb
mouse	4p2r	TRAV4D-4*03	TRAJ34*02	CAAEASNTNKVVF	TRBV26*01	TRBJ1-2*01	CASSLNNANSDYTF	0	ANGVAFFLTPFKA	EKa,EKb	3.30	pdbs/4p2r.pdb.mouse.MH2.EKa_EKb.AB.C.DE.pdb
mouse	4p46	TRAV14D-3/DV8*02	TRAJ45*01	CAASKGADRLTF	TRBV13-2*01	TRBJ2-4*01	CASGDFWGDTLYF	1	FEAQKAKANKAVD	ABa,ABb	2.85	pdbs/4p46.pdb.mouse.MH2.ABa_ABb.CD.E.AB.pdb
mouse	4p5t	TRAV14D-3/DV8*02	TRAJ16*01	CAASRDSGQKLVF	TRBV13-2*01	TRBJ2-4*01	CASGDFWGDTLYF	0	FEAQKAKANKAVD	ABa,ABb	3.26	pdbs/4p5t.pdb.mouse.MH2.ABa_ABb.CD.I.AB.pdb
mouse	4y16	TRAV11*02	TRAJ18*01	CVVGDRGSALGRLHF	TRBV13-2*01	TRBJ2-5*01	CASGDEGYTQYF	0	-	CD1d1	2.60	-
mouse	4y2d	TRAV11*02	TRAJ18*01	CVVGDRGSALGRLHF	TRBV13-2*01	TRBJ2-5*01	CASGDEGYTQYF	0	-	CD1d1	3.05	-
mouse	4y4f	TRAV11*02	TRAJ18*01	CVVGDRGSALGRLHF	TRBV13-2*01	TRBJ2-5*01	CASGDEGYTQYF	0	-	CD1d1	3.19	-
mouse	4y4h	TRAV11*02	TRAJ18*01	CVVGDRGSALGRLHF	TRBV13-2*01	TRBJ2-5*01	CASGDEGYTQYF	0	-	CD1d1	3.10	-
mouse	4y4k	TRAV11*02	TRAJ18*01	CVVGDRGSALGRLHF	TRBV13-2*01	TRBJ2-5*01	CASGDEGYTQYF	0	-	CD1d1	2.90	-
mouse	4zak	TRAV11*02	TRAJ18*01	CVVGDRGSALGRLHF	TRBV13-2*01	TRBJ2-5*01	CASGDEGYTQYF	0	-	CD1d1	2.82	-
mouse	5ivx	TRAV14-3*02	TRAJ38*01	CAASASFGDNSKLIW	TRBV29*01	TRBJ1-1*01	CASSLGHTEVFF	1	RGPGRAFVTI	D-D	2.10	pdbs/5ivx.pdb.mouse.MH1.D-D.A.P.EF.pdb
mouse	5m00	TRAV14D-1*01	TRAJ48*01	CAALYGNEKITF	TRBV13-3*01	TRBJ2-4*01	CASSDAGGRNTLYF	0	KAVANFATM	D-B	1.95	pdbs/5m00.pdb.mouse.MH1.D-B.A.P.GH.pdb
mouse	5m01	TRAV14D-1*01	TRAJ48*01	CAALYGNEKITF	TRBV13-3*01	TRBJ2-4*01	CASSDAGGRNTLYF	0	KAPANFATM	D-B	1.95	pdbs/5m01.pdb.mouse.MH1.D-B.A.P.GH.pdb
mouse	5m02	TRAV14D-1*01	TRAJ48*01	CAALYGNEKITF	TRBV13-3*01	TRBJ2-4*01	CASSDAGGRNTLYF	0	KAPFNFATM	D-B	1.75	pdbs/5m02.pdb.mouse.MH1.D-B.A.P.GH.pdb
mouse	5sws	TRAV14-1*01	TRAJ22*01	CAASEGSGSWQLIF	TRBV17*01	TRBJ2-5*01	CASSAGLDAEQYF	0	ASNENMETM	D-B	2.86	pdbs/5sws.pdb.mouse.MH1.D-B.A.C.DE.pdb
mouse	5swz	TRAV14-1*01	TRAJ22*01	CAASETSGSWQLIF	TRBV17*01	TRBJ2-5*01	CASSRDLGRDTQYF	5	ASNENMETM	D-B	2.65	pdbs/5swz.pdb.mouse.MH1.D-B.A.C.DE.pdb
mouse	5til	TRAV14D-1*01	TRAJ48*01	CAALYGNEKITF	TRBV13-3*01	TRBJ2-4*01	CASSDAGGRNTLYF	0	KAPYNFATM	D-B	2.83	pdbs/5til.pdb.mouse.MH1.D-B.A.C.GH.pdb
mouse	5tje	TRAV14D-1*01	TRAJ48*01	CAALYGNEKITF	TRBV13-3*01	TRBJ2-4*01	CASSDAGGRNTLYF	0	KAVYNFATM	D-B	3.20	pdbs/5tje.pdb.mouse.MH1.D-B.A.I.GH.pdb
mouse	5vcj	TRAV11*02	TRAJ18*01	CVVGDRGSALGRLHF	TRBV13-2*01	TRBJ2-5*01	CASGDEGYTQYF	0	-	CD1d1	3.16	-
mouse	5wlg	TRAV8-2*01	TRAJ26*01	CATVYAQGLTF	TRBV13-3*01	TRBJ2-2*01	CASSDWGDTGQLYF	0	SQLLNAKYL	D-B	2.10	pdbs/5wlg.pdb.mouse.MH1.D-B.A.C.DE.pdb
mouse	6bga	TRAV4D-4*02	TRAJ56*01	CAALRATGGNNKLTF	TRBV26*01	TRBJ2-5*01	CASSLNWSQDTQYF	2	YVVVPDGTGGGSGSG,ADSLSFFSSSIKRGGGSLVP	EKa,EKb	2.31	pdbs/6bga.pdb.mouse.MH2.EKa_EKb.AB.F.CD.pdb
mouse	6bnk	TRAV11*02	TRAJ18*01	CVVGDRGSALGRLHF	TRBV13-2*01	TRBJ2-5*01	CASGDEGYTQYF	1	-	CD1d1	3.20	-
mouse	6bnl	TRAV11*02	TRAJ18*01	CVVGDRGSALGRLHF	TRBV13-2*01	TRBJ2-5*01	CASGDEGYTQYF	1	-	CD1d1	2.60	-
mouse	6cw6	TRAV11*02	TRAJ18*01	CVVGDRGSALGRLHF	TRBV13-2*01	TRBJ2-5*01	CASGDEGYTQYF	0	-	CD1d1	2.85	-
mouse	6cw9	TRAV11*02	TRAJ18*01	CVVGDRGSALGRLHF	TRBV13-2*01	TRBJ2-5*01	CASGDEGYTQYF	0	-	CD1d1	2.00	-
mouse	6cwb	TRAV11*02	TRAJ18*01	CVVGDRGSALGRLHF	TRBV13-2*01	TRBJ2-5*01	CASGDEGYTQYF	0	-	CD1d1	2.85	-
mouse	6cwe	TRAV11*02	TRAJ18*01	CVVGDRGSALGRLHF	TRBV13-2*01	TRBJ2-5*01	CASGDEGYTQYF	0	-	CD1d1	2.20	-
mouse	6cx5	TRAV11*02	TRAJ18*01	CVVGDRGSALGRLHF	TRBV13-2*01	TRBJ2-5*01	CASGDEGYTQYF	0	-	CD1d1	2.40	-
mouse	6cx7	TRAV11*02	TRAJ18*01	CVVGDRGSALGRLHF	TRBV13-2*01	TRBJ2-5*01	CASGDEGYTQYF	0	-	CD1d1	2.60	-
mouse	6cx9	TRAV11*02	TRAJ18*01	CVVGDRGSALGRLHF	TRBV13-2*01	TRBJ2-5*01	CASGDEGYTQYF	0	-	CD1d1	2.36	-
mouse	6cxa	TRAV11*02	TRAJ18*01	CVVGDRGSALGRLHF	TRBV13-2*01	TRBJ2-5*01	CASGDEGYTQYF	0	-	CD1d1	2.65	-
mouse	6cxe	TRAV11*02	TRAJ18*01	CVVGDRGSALGRLHF	TRBV13-2*01	TRBJ2-5*01	CASGDEGYTQYF	0	-	CD1d1	2.05	-
mouse	6cxf	TRAV11*02	TRAJ18*01	CVVGDRGSALGRLHF	TRBV13-2*01	TRBJ2-5*01	CASGDEGYTQYF	0	-	CD1d1	2.50	-
mouse	6dfs	TRAV10*01	TRAJ53*01	CAASPSNSGGSNYKLTF	TRBV1*01	TRBJ2-7*01	CTCSAGLGYEQYF	2	LVERLYLVCGEEGA	AGa,AGb	3.10	pdbs/6dfs.pdb.mouse.MH2.AGa_AGb.CD.E.AB.pdb
mouse	6dfw	TRAV5D-4*02	TRAJ53*01	CAASRRGSGGSNYKLTF	TRBV13-2*01	TRBJ2-7*01	CASGGLGGDEQYF	2	LVERLYLVCGGEG	AGa,AGb	3.20	pdbs/6dfw.pdb.mouse.MH2.AGa_AGb.CD.I.GH.pdb
mouse	6g9q	TRAV14D-1*01	TRAJ48*01	CAALYGNEKITF	TRBV13-3*01	TRBJ2-4*01	CASSDAGGRNTLYF	0	KAPYDYAPI	D-B	1.89	pdbs/6g9q.pdb.mouse.MH1.D-B.A.P.GH.pdb
mouse	6miv	TRAV11*02	TRAJ18*01	CVVGDRGSALGRLHF	TRBV13-2*01	TRBJ2-5*01	CASGDEGYTQYF	0	-	CD1d1	2.05	-
mouse	6miy	TRAV11*02	TRAJ18*01	CVVGDRGSALGRLHF	TRBV13-2*01	TRBJ2-5*01	CASGDEGYTQYF	0	-	CD1d1	2.75	-
mouse	6mj4	TRAV11*02	TRAJ18*01	CVVGDRGSALGRLHF	TRBV13-2*01	TRBJ2-5*01	CASGDEGYTQYF	0	-	CD1d1	2.00	-
mouse	6mj6	TRAV11*02	TRAJ18*01	CVVGDRGSALGRLHF	TRBV13-2*01	TRBJ2-5*01	CASGDEGYTQYF	0	-	CD1d1	2.45	-
mouse	6mja	TRAV11*02	TRAJ18*01	CVVGDRGSALGRLHF	TRBV13-2*01	TRBJ2-5*01	CASGDEGYTQYF	0	-	CD1d1	2.35	-
mouse	6mji	TRAV11*02	TRAJ18*01	CVVGDRGSALGRLHF	TRBV13-2*01	TRBJ2-5*01	CASGDEGYTQYF	0	-	CD1d1	2.30	-
mouse	6mjj	TRAV11*02	TRAJ18*01	CVVGDRGSALGRLHF	TRBV13-2*01	TRBJ2-5*01	CASGDEGYTQYF	0	-	CD1d1	1.93	-
mouse	6mjq	TRAV11*02	TRAJ18*01	CVVGDRGSALGRLHF	TRBV13-2*01	TRBJ2-5*01	CASGDEGYTQYF	0	-	CD1d1	3.00	-
mouse	6mkd	TRAV14D-3/DV8*02	TRAJ52*01	CAASDTGANTGKLTF	TRBV13-2*01	TRBJ2-4*01	CASGDFWGDTLYF	0	RVSYYGPKTSPVQ	ABa,ABb	3.20	pdbs/6mkd.pdb.mouse.MH2.ABa_ABb.CD.E.AB.pdb
mouse	6mkr	TRAV14-3*01	TRAJ52*01	CAASETGANTGKLTF	TRBV13-2*01	TRBJ2-4*01	CASGDFWGDTLYF	0	RVSYYGPKTSPVQ	ABa,ABb	3.36	pdbs/6mkr.pdb.mouse.MH2.ABa_ABb.CD.E.AB.pdb
mouse	6mng	TRAV14D-3/DV8*02	TRAJ52*01	CAGIDTGANTGKLTF	TRBV13-2*01	TRBJ2-4*01	CASGDFWGDTLYF	1	VSYYGPKTSPVQ	ABa,ABb	2.66	pdbs/6mng.pdb.mouse.MH2.ABa_ABb.CD.E.AB.pdb
mouse	6mnm	TRAV14D-3/DV8*02	TRAJ52*01	CAASATGANTGKLTF	TRBV13-2*01	TRBJ2-4*01	CASGDFWGDTLYF	0	RVSYYGPKTSPVQ	ABa,ABb	3.10	pdbs/6mnm.pdb.mouse.MH2.ABa_ABb.CD.E.AB.pdb
mouse	6mnn	TRAV14D-3/DV8*02	TRAJ52*01	CAASVTGANTGKLTF	TRBV13-2*01	TRBJ2-4*01	CASGDFWGDTLYF	0	RVSYYGPKTSPVQ	ABa,ABb	2.83	pdbs/6mnn.pdb.mouse.MH2.ABa_ABb.CD.E.AB.pdb
mouse	6mno	TRAV14D-3/DV8*02	TRAJ52*01	CAASETGANTGKLTF	TRBV13-2*01	TRBJ2-4*01	CASGDFWGDTLYF	0	RVSYYGPKTSPVQ	ABa,ABb	2.90	pdbs/6mno.pdb.mouse.MH2.ABa_ABb.CD.E.AB.pdb
